<?xml version="1.0" encoding="UTF-8"?>
<project-private xmlns="http://www.netbeans.org/ns/project-private/1">
    <editor-bookmarks xmlns="http://www.netbeans.org/ns/editor-bookmarks/2" lastBookmarkId="0"/>
    <open-files xmlns="http://www.netbeans.org/ns/projectui-open-files/2">
        <group>
            <file>file://fs-home-n/home-013/eeu6d1/Windows_Data/Desktop/2nd%20year/java%202nd%20year/week1%20260916/m_Thread/src/m_thread/BallComponent.java</file>
            <file>file://fs-home-n/home-013/eeu6d1/Windows_Data/Desktop/2nd%20year/java%202nd%20year/week1%20260916/m_Thread/src/m_thread/EmptyBallFrame.java</file>
            <file>file://fs-home-n/home-013/eeu6d1/Windows_Data/Desktop/2nd%20year/java%202nd%20year/week1%20260916/m_Thread/src/m_thread/Ball.java</file>
            <file>file://fs-home-n/home-013/eeu6d1/Windows_Data/Desktop/2nd%20year/java%202nd%20year/week1%20260916/m_Thread/src/m_thread/M_Thread.java</file>
            <file>file://fs-home-n/home-013/eeu6d1/Windows_Data/Desktop/2nd%20year/java%202nd%20year/week1%20260916/m_Thread/src/m_thread/ControlComponent.java</file>
            <file>file://fs-home-n/home-013/eeu6d1/Windows_Data/Desktop/2nd%20year/java%202nd%20year/week1%20260916/m_Thread/src/m_thread/EmptyFrameViewer.java</file>
        </group>
    </open-files>
</project-private>
