<?xml version="1.0" encoding="UTF-8"?>
<project-private xmlns="http://www.netbeans.org/ns/project-private/1">
    <editor-bookmarks xmlns="http://www.netbeans.org/ns/editor-bookmarks/2" lastBookmarkId="0"/>
    <open-files xmlns="http://www.netbeans.org/ns/projectui-open-files/2">
        <group>
            <file>file:/C:/Users/danny/Documents/NetBeansProjects/ICP2150/lab3/src/lab3/DiceComponent.java</file>
            <file>file:/C:/Users/danny/Documents/NetBeansProjects/ICP2150/lab3/src/lab3/DiceFrame.java</file>
            <file>file:/C:/Users/danny/Documents/NetBeansProjects/ICP2150/lab3/src/lab3/DicePanel.java</file>
            <file>file:/C:/Users/danny/Documents/NetBeansProjects/ICP2150/lab3/src/lab3/Dice.java</file>
            <file>file:/C:/Users/danny/Documents/NetBeansProjects/ICP2150/lab3/src/lab3/DiceViewer.java</file>
            <file>file:/C:/Users/danny/Documents/NetBeansProjects/ICP2150/lab3/src/lab3/DiceFace.java</file>
        </group>
    </open-files>
</project-private>
